email,identityProviderUserId,firstName,lastName,groups
bo_biz@example.com,bo_biz,Bo,Biz,"biz"
dana_dev@example.com,dana_dev,Dana,Dev,"dev"
denis_deng@example.com,denis_deng,Denis,Deng,"deng"
diego_deng@example.com,diego_deng,Diego,Deng,"deng"
fina_fin@example.com,fina_fin,Fina,Fin,"fin"
grace_gov@example.com,grace_gov,Grace,Gov,"gov"
hamal_hr@example.com,hamal_hr,Hamal,Hr,"hr"
omar_ops@example.com,omar_ops,Omar,Ops,"ops"
sam_sec@example.com,sam_sec,Sam,Sec,"sec"
steff_sci@example.com,steff_sci,Steff,Sci,"sci"
stella_sale@example.com,stella_sale,Stella,Sale,"sale"
